Data structure,Small,Small-medium,Medium,Medium-large,Large
three_clust_01,"<a href=""https://youtu.be/kZyZxujDz58"">youtu.be/kZyZxujDz58</a>","<a href=""https://youtu.be/Jz3k4uIAiRo"">youtu.be/Jz3k4uIAiRo</a>","<a href=""https://youtube.com/shorts/QqMDQxShke0"">youtube.com/shorts/QqMDQxShke0</a>","<a href=""https://youtu.be/E9msE_XX0KA"">youtu.be/E9msE_XX0KA</a>","<a href=""https://youtube.com/shorts/07Ya6SjNDV0"">youtube.com/shorts/07Ya6SjNDV0</a>"
three_clust_02,"<a href=""https://youtu.be/CLMlOU4Fb2w"">youtu.be/CLMlOU4Fb2w</a>","<a href=""https://youtu.be/TFj0satlBBE"">youtu.be/TFj0satlBBE</a>","<a href=""https://youtube.com/shorts/jKarI60euSw"">youtube.com/shorts/jKarI60euSw</a>","<a href=""https://youtu.be/_f2WvtD2xog"">youtu.be/f2WvtD2xog</a>","<a href=""https://youtube.com/shorts/Vk7K5vlXiVM"">youtube.com/shorts/Vk7K5vlXiVM</a>"
three_clust_03,"<a href=""https://youtu.be/K2oKM4mUBXM"">youtu.be/K2oKM4mUBXM</a>","<a href=""https://youtu.be/b-43HKN30ws"">youtu.be/b-43HKN30ws</a>","<a href=""https://youtube.com/shorts/edCnIfgfoU0"">youtube.com/shorts/edCnIfgfoU0</a>","<a href=""https://youtu.be/7NwNcD4qlLc"">youtu.be/7NwNcD4qlLc</a>","<a href=""https://youtube.com/shorts/-aB3PwE676E"">youtube.com/shorts/-aB3PwE676E</a>"
three_clust_04,"<a href=""https://youtu.be/7yvvpPgiWNw"">youtu.be/7yvvpPgiWNw</a>","<a href=""https://youtu.be/1PhZO7cUEaI"">youtu.be/1PhZO7cUEaI</a>","<a href=""https://youtu.be/XO61YVXAdr8"">youtu.be/XO61YVXAdr8</a>","<a href=""https://youtu.be/XO61YVXAdr8"">youtu.be/XO61YVXAdr8</a>","<a href=""https://youtube.com/shorts/7e60CeOM50Q"">youtube.com/shorts/7e60CeOM50Q</a>"
three_clust_05,"<a href=""https://youtu.be/pbI7UXFgc0k"">youtu.be/pbI7UXFgc0k</a>","<a href=""https://youtu.be/G-TvOIBj-14"">youtu.be/G-TvOIBj-14</a>","<a href=""https://youtube.com/shorts/I9xxCinW4Ec"">youtube.com/shorts/I9xxCinW4Ec</a>","<a href=""https://youtu.be/ardE0G7zevk"">youtu.be/ardE0G7zevk</a>","<a href=""https://youtube.com/shorts/21xj8nnnvec"">youtube.com/shorts/21xj8nnnvec</a>"
three_clust_06,"<a href=""https://youtu.be/Mxylk4M67iA"">youtu.be/Mxylk4M67iA</a>","<a href=""https://youtu.be/ABrxozu8F-A"">youtu.be/ABrxozu8F-A</a>","<a href=""https://youtube.com/shorts/FISgM4T2xEI"">youtube.com/shorts/FISgM4T2xEI</a>","<a href=""https://youtu.be/soFQR9UwNsg"">youtu.be/soFQR9UwNsg</a>","<a href=""https://youtube.com/shorts/pX0E8E-Dbxc"">youtube.com/shorts/pX0E8E-Dbxc</a>"
three_clust_07,"<a href=""https://youtu.be/2a89BQGK_iU"">youtu.be/2a89BQGK_iU</a>","<a href=""https://youtu.be/Wt4NwZSACmo"">youtu.be/Wt4NwZSACmo</a>","<a href=""https://youtube.com/shorts/MbGOoTrvVXk"">youtube.com/shorts/MbGOoTrvVXk</a>","<a href=""https://youtu.be/hVwIjSxACoo"">youtu.be/hVwIjSxACoo</a>","<a href=""https://youtube.com/shorts/y0kitUPbAoQ"">youtube.com/shorts/y0kitUPbAoQ</a>"
three_clust_08,"<a href=""https://youtu.be/eID-dwpgU44"">youtu.be/eID-dwpgU44</a>","<a href=""https://youtu.be/ILwnlZUMj_U"">youtu.be/ILwnlZUMj_U</a>","<a href=""https://youtube.com/shorts/6k20OE3Fkcg"">youtube.com/shorts/6k20OE3Fkcg</a>","<a href=""https://youtu.be/oSBaMH9HJZ4"">youtu.be/oSBaMH9HJZ4</a>","<a href=""https://youtube.com/shorts/B4OiM4sfZ4g"">youtube.com/shorts/B4OiM4sfZ4g</a>"
three_clust_09,"<a href=""https://youtu.be/6uGCDUSL60Q"">youtu.be/6uGCDUSL60Q</a>","<a href=""https://youtu.be/RvlSY3drV5I"">youtu.be/RvlSY3drV5I</a>","<a href=""https://youtube.com/shorts/TIyP-a75YmQ"">youtube.com/shorts/TIyP-a75YmQ</a>","<a href=""https://youtu.be/mh_rG2qy2Pc"">youtu.be/mh_rG2qy2Pc</a>","<a href=""https://youtube.com/shorts/hlaX3J8ibsA"">youtube.com/shorts/hlaX3J8ibsA</a>"
three_clust_10,"<a href=""https://youtu.be/CX5O4eNZW5o"">youtu.be/CX5O4eNZW5o</a>","<a href=""https://youtu.be/fHxflXa9i-s"">youtu.be/fHxflXa9i-s</a>","<a href=""https://youtube.com/shorts/hUzYOFS8o4M"">youtube.com/shorts/hUzYOFS8o4M</a>","<a href=""https://youtu.be/R6vD1xJH21w"">youtu.be/R6vD1xJH21w</a>","<a href=""https://youtube.com/shorts/lM2sohLJS2s"">youtube.com/shorts/lM2sohLJS2s</a>"
three_clust_11,"<a href=""https://youtu.be/1f8S7HiZ8dc"">youtu.be/1f8S7HiZ8dc</a>","<a href=""https://youtu.be/Fki5vIuPupE"">youtu.be/Fki5vIuPupE</a>","<a href=""https://youtube.com/shorts/Ar0gbKEfzQk"">youtube.com/shorts/Ar0gbKEfzQk</a>","<a href=""https://youtu.be/ciVOD8_sWR0"">youtu.be/ciVOD8_sWR0</a>","<a href=""https://youtube.com/shorts/jMWtm5gh-wU"">youtube.com/shorts/jMWtm5gh-wU</a>"
three_clust_12,"<a href=""https://youtu.be/AZv45NGkuC4"">youtu.be/AZv45NGkuC4</a>","<a href=""https://youtu.be/qQ4LqHYH_c4"">youtu.be/qQ4LqHYH_c4</a>","<a href=""https://youtube.com/shorts/-WtgmbfY_Qo"">youtube.com/shorts/-WtgmbfY_Qo</a>","<a href=""https://youtu.be/Y2sfVoemVZo"">youtu.be/Y2sfVoemVZo</a>","<a href=""https://youtube.com/shorts/NsDzGdKsCyw"">youtube.com/shorts/NsDzGdKsCyw</a>"
three_clust_13,"<a href=""https://youtu.be/U-bbZjzvaiE"">youtu.be/U-bbZjzvaiE</a>","<a href=""https://youtu.be/0MznMYr5gfo"">youtu.be/0MznMYr5gfo</a>","<a href=""https://youtube.com/shorts/PtAWhAz8bz8"">youtube.com/shorts/PtAWhAz8bz8</a>","<a href=""https://youtu.be/E7ge3kw5Q0Q"">youtu.be/E7ge3kw5Q0Q</a>","<a href=""https://youtube.com/shorts/6yc5gzPi6to"">youtube.com/shorts/6yc5gzPi6to</a>"
three_clust_14,"<a href=""https://youtu.be/ynu2oUxv08I"">youtu.be/ynu2oUxv08I</a>","<a href=""https://youtu.be/gHDLMn5AG-8"">youtu.be/gHDLMn5AG-8</a>","<a href=""https://youtube.com/shorts/OSakdYTdbmU"">youtube.com/shorts/OSakdYTdbmU</a>","<a href=""https://youtu.be/HyCJEiwCVv0"">youtu.be/HyCJEiwCVv0</a>","<a href=""https://youtube.com/shorts/UJXFzkfoMH0"">youtube.com/shorts/UJXFzkfoMH0</a>"
three_clust_15,"<a href=""https://youtu.be/xsdWsBek0eQ"">youtu.be/xsdWsBek0eQ</a>","<a href=""https://youtu.be/SDY64MrcWQg"">youtu.be/SDY64MrcWQg</a>","<a href=""https://youtube.com/shorts/w7V49k4GkEI"">youtube.com/shorts/w7V49k4GkEI</a>","<a href=""https://youtu.be/CFIyW7ftF9M"">youtu.be/CFIyW7ftF9M</a>","<a href=""https://youtube.com/shorts/SsyhvN6L7ks"">youtube.com/shorts/SsyhvN6L7ks</a>"
three_clust_16,"<a href=""https://youtu.be/VyYyYOqhOVs"">youtu.be/VyYyYOqhOVs</a>","<a href=""https://youtu.be/zi-TvgVR8a4"">youtu.be/zi-TvgVR8a4</a>","<a href=""https://youtube.com/shorts/bRVl9y0JT8k"">youtube.com/shorts/bRVl9y0JT8k</a>","<a href=""https://youtu.be/hdQmD499yo8"">youtu.be/hdQmD499yo8</a>","<a href=""https://youtube.com/shorts/Uuy8xrnP_HU"">youtube.com/shorts/Uuy8xrnP_HU</a>"
three_clust_17,"<a href=""https://youtu.be/yojgjcf2NQk"">youtu.be/yojgjcf2NQk</a>","<a href=""https://youtu.be/UJPMJ5irRbQ"">youtu.be/UJPMJ5irRbQ</a>","<a href=""https://youtube.com/shorts/zI-JNpMRYxY"">youtube.com/shorts/zI-JNpMRYxY</a>","<a href=""https://youtu.be/zdQYQvqTyGA"">youtu.be/zdQYQvqTyGA</a>","<a href=""https://youtube.com/shorts/P4E78ewAEJs"">youtube.com/shorts/P4E78ewAEJs</a>"
three_clust_18,"<a href=""https://youtu.be/r-Z1Yyf2c4s"">youtu.be/r-Z1Yyf2c4s</a>","<a href=""https://youtu.be/2Rf2L8iey2w"">youtu.be/2Rf2L8iey2w</a>","<a href=""https://youtube.com/shorts/_x7kGF4xRz4"">youtube.com/shorts/_x7kGF4xRz4</a>","<a href=""https://youtu.be/e_-IQycglVE"">youtu.be/e_-IQycglVE</a>","<a href=""https://youtube.com/shorts/rY8hIqDaHKw"">youtube.com/shorts/rY8hIqDaHKw</a>"